"origem","destino","data","valor","id"
RAK,DUB,"2023-02-7",683,1
SVQ,BRI,"2023-02-11",1351,2
GSE,MLA,"2023-02-9",724,3
LIS,BVA,"2023-02-10",1373,4
LPA,ORK,"2023-02-10",809,5
BRE,CFU,"2023-02-11",288,6
FUE,STN,"2023-02-9",253,7
EMA,ORK,"2023-02-11",1285,8
BCN,TFN,"2023-02-7",371,9
BDS,CIA,"2023-02-7",207,10
FKB,STN,"2023-02-11",1256,11
XRY,BCN,"2023-02-6",581,12
LBA,GRO,"2023-02-10",1286,13
MRS,SVQ,"2023-02-9",1479,14
BGY,VNO,"2023-02-10",461,15
PFO,ATH,"2023-02-11",677,16
PSA,TRF,"2023-02-9",1141,17
CRL,PSA,"2023-02-10",442,18
NYO,STN,"2023-02-10",938,19
ALC,LBA,"2023-02-10",1481,20
NYO,CIA,"2023-02-8",1306,21
SFT,GRO,"2023-02-10",911,22
AGP,BLQ,"2023-02-6",1097,23
KIR,HHN,"2023-02-6",1279,24
WMI,DUB,"2023-02-8",1334,25
LPA,EMA,"2023-02-8",1270,26
RYG,KRK,"2023-02-6",1458,27
BHX,KUN,"2023-02-6",709,28
MMX,STN,"2023-02-9",449,29
BLL,CIA,"2023-02-6",1192,30
SCQ,ALC,"2023-02-8",672,31
KUN,STN,"2023-02-6",996,32
CFU,PIK,"2023-02-8",765,33
CIA,AGP,"2023-02-10",992,34
CFU,LBA,"2023-02-6",769,35
PSR,NRN,"2023-02-8",385,36
BUD,DUB,"2023-02-9",1384,37
STN,CIY,"2023-02-6",786,38
BGY,LPP,"2023-02-11",1497,39
MRS,GSE,"2023-02-11",210,40
LPA,LPL,"2023-02-9",998,41
CRL,PFO,"2023-02-8",1423,42
ACE,SNN,"2023-02-6",165,43
PIS,STN,"2023-02-6",1350,44
WMI,TPS,"2023-02-8",571,45
STN,FUE,"2023-02-11",1036,46
GRO,FMM,"2023-02-6",1177,47
RBA,STN,"2023-02-8",888,48
FKB,STN,"2023-02-9",735,49
VLC,PSA,"2023-02-10",647,50
BGY,HHN,"2023-02-8",1474,51
MAN,PMI,"2023-02-9",243,52
RYG,WRO,"2023-02-9",1462,53
CAG,BGY,"2023-02-7",1346,54
EIN,IBZ,"2023-02-8",1012,55
FCO,SUF,"2023-02-10",1305,56
STN,ORK,"2023-02-9",1458,57
NYO,PFO,"2023-02-10",1443,58
PSA,TPS,"2023-02-10",338,59
MAN,TFS,"2023-02-9",1370,60
STN,RIX,"2023-02-8",810,61
TSF,BVA,"2023-02-7",290,62
TRF,STN,"2023-02-8",1368,63
CFU,CRL,"2023-02-8",831,64
CRL,FUE,"2023-02-7",1275,65
BLQ,WMI,"2023-02-7",784,66
BHX,REU,"2023-02-9",413,67
STN,DTM,"2023-02-8",810,68
LIG,STN,"2023-02-10",1043,69
BTS,LTN,"2023-02-9",218,70
STN,TMP,"2023-02-7",919,71
BLQ,CTA,"2023-02-8",1405,72
AHO,STN,"2023-02-7",931,73
SDR,DUB,"2023-02-8",819,74
PMI,FKB,"2023-02-7",656,75
BRI,NRN,"2023-02-8",1189,76
BLQ,NRN,"2023-02-8",780,77
IBZ,BCN,"2023-02-7",492,78
PMI,ORK,"2023-02-7",733,79
FCO,BCN,"2023-02-6",1407,80
EMA,MAH,"2023-02-11",270,81
TUF,STN,"2023-02-7",667,82
LPA,PSA,"2023-02-6",967,83
OUD,MRS,"2023-02-7",1217,84
FCO,SUF,"2023-02-7",1293,85
STN,DTM,"2023-02-6",533,86
CFU,EMA,"2023-02-11",1310,87
BVA,BGY,"2023-02-7",1085,88
NOC,KUN,"2023-02-8",1231,89
CIA,MRS,"2023-02-8",1464,90
BRI,BVA,"2023-02-8",1143,91
STN,KUN,"2023-02-6",688,92
AHO,FMM,"2023-02-6",672,93
DUB,LPL,"2023-02-10",985,94
PMI,BRE,"2023-02-7",218,95
BHX,TFS,"2023-02-10",232,96
MAN,BVA,"2023-02-8",1286,97
FEZ,EIN,"2023-02-7",184,98
MAD,DUB,"2023-02-11",516,99
STN,BCN,"2023-02-9",1317,100
STN,FMM,"2023-02-9",862,101
BCN,FEZ,"2023-02-9",284,102
LGW,ORK,"2023-02-10",393,103
BVA,ZAD,"2023-02-7",411,104
MRS,NDR,"2023-02-10",260,105
EDI,CFU,"2023-02-6",168,106
BRS,BUD,"2023-02-6",1279,107
IBZ,NRN,"2023-02-6",1404,108
FKB,SKG,"2023-02-8",513,109
ACE,SCQ,"2023-02-6",320,110
SXF,RYG,"2023-02-10",289,111
IBZ,BRS,"2023-02-7",457,112
ZAZ,BVA,"2023-02-6",1331,113
LTN,MJV,"2023-02-6",817,114
CFU,EIN,"2023-02-10",1405,115
BRE,LPA,"2023-02-11",929,116
AHO,PMF,"2023-02-6",1470,117
RAK,GRO,"2023-02-11",1429,118
SCQ,PMI,"2023-02-6",1033,119
BRI,STN,"2023-02-6",1365,120
AHO,CIA,"2023-02-10",657,121
TSF,VLC,"2023-02-8",769,122
MST,BRI,"2023-02-8",422,123
EDI,TFS,"2023-02-7",1234,124
SKG,STN,"2023-02-11",1487,125
KUN,PFO,"2023-02-9",755,126
GRQ,PMI,"2023-02-7",1214,127
ACE,NOC,"2023-02-8",1254,128
CIA,BUD,"2023-02-9",307,129
KUN,BHX,"2023-02-7",1303,130
NYO,MLA,"2023-02-7",1449,131
MAN,LIS,"2023-02-6",934,132
IBZ,MAN,"2023-02-9",914,133
BRS,NOC,"2023-02-9",444,134
MAD,PSA,"2023-02-8",1207,135
DUB,SXF,"2023-02-9",1253,136
BVA,CAG,"2023-02-8",1482,137
STN,BVE,"2023-02-6",1065,138
BVA,AHO,"2023-02-7",390,139
MAN,AGP,"2023-02-6",962,140
BLL,ZAD,"2023-02-10",1437,141
LDY,PIK,"2023-02-10",1428,142
CRL,CHQ,"2023-02-10",1435,143
BVA,GRO,"2023-02-6",607,144
NTE,DUB,"2023-02-10",982,145
ACE,NOC,"2023-02-9",680,146
NOC,EMA,"2023-02-7",864,147
CRL,LEI,"2023-02-9",300,148
BRI,PSA,"2023-02-9",591,149
GSE,CIA,"2023-02-7",1057,150
LPL,POZ,"2023-02-6",1329,151
CHQ,EIN,"2023-02-11",1489,152
EMA,RIX,"2023-02-10",865,153
STN,LRH,"2023-02-10",1203,154
TFS,DUB,"2023-02-9",1408,155
AGP,BLL,"2023-02-8",670,156
STN,PMF,"2023-02-8",847,157
BRE,STN,"2023-02-7",921,158
PSA,MAD,"2023-02-11",202,159
SVQ,EIN,"2023-02-6",1296,160
TRS,CRL,"2023-02-11",1069,161
ALC,VST,"2023-02-11",324,162
DUB,LIS,"2023-02-10",1253,163
GSE,BVA,"2023-02-11",928,164
NOC,ALC,"2023-02-9",1196,165
RYG,EDI,"2023-02-11",1042,166
SVQ,CRL,"2023-02-8",757,167
EDI,MLA,"2023-02-10",1281,168
PSA,HHN,"2023-02-9",600,169
BTS,LPL,"2023-02-10",1070,170
BVA,LIS,"2023-02-10",1230,171
MLA,DUB,"2023-02-7",246,172
FAO,BHX,"2023-02-6",236,173
FUE,MAN,"2023-02-8",1340,174
IBZ,BCN,"2023-02-10",366,175
BRS,TFS,"2023-02-9",909,176
STN,BRI,"2023-02-11",535,177
FUE,PSA,"2023-02-7",1304,178
STN,LIG,"2023-02-9",1307,179
CRL,VOL,"2023-02-10",622,180
CFU,RYG,"2023-02-9",194,181
TPS,BGY,"2023-02-9",364,182
BRE,FUE,"2023-02-8",207,183
LEI,STN,"2023-02-10",1088,184
LPL,REU,"2023-02-8",1479,185
SNN,NCE,"2023-02-7",295,186
LPA,LTN,"2023-02-9",968,187
FAO,LBA,"2023-02-10",1331,188
SDR,LPA,"2023-02-9",1029,189
ALC,EMA,"2023-02-6",697,190
FAO,MAN,"2023-02-11",1102,191
LPL,RHO,"2023-02-10",762,192
BHX,ACE,"2023-02-7",357,193
MAD,CAG,"2023-02-9",518,194
EIN,PSA,"2023-02-9",1492,195
BTS,CIA,"2023-02-10",1059,196
CAG,HHN,"2023-02-10",1372,197
DTM,AHO,"2023-02-7",735,198
SKG,STN,"2023-02-9",1186,199
CFU,CRL,"2023-02-8",914,200
GRO,EMA,"2023-02-9",921,201
TRN,CTA,"2023-02-6",420,202
CIA,BLL,"2023-02-11",1270,203
NRN,VLC,"2023-02-10",654,204
BRS,TFS,"2023-02-10",646,205
VST,ALC,"2023-02-7",1177,206
MAD,ACE,"2023-02-8",1188,207
KGS,KUN,"2023-02-11",1357,208
MAN,BGY,"2023-02-11",515,209
DUB,BTS,"2023-02-6",687,210
CHQ,BRS,"2023-02-7",182,211
PMI,FMM,"2023-02-11",939,212
GRQ,PMI,"2023-02-6",1467,213
RZE,LTN,"2023-02-11",724,214
GRO,NCL,"2023-02-9",674,215
BOH,FUE,"2023-02-10",643,216
BGY,GRO,"2023-02-7",1038,217
CRL,NDR,"2023-02-8",710,218
CHQ,PFO,"2023-02-11",1289,219
DUB,TFS,"2023-02-11",186,220
BGY,HHN,"2023-02-11",429,221
TPS,KRK,"2023-02-11",1449,222
STN,DNR,"2023-02-8",850,223
CAG,TPS,"2023-02-6",852,224
LPA,STN,"2023-02-8",1207,225
MST,PMI,"2023-02-8",444,226
NYO,BVA,"2023-02-8",313,227
STN,GOA,"2023-02-6",1393,228
EDI,ACE,"2023-02-9",239,229
MAD,CAG,"2023-02-7",446,230
NUE,STN,"2023-02-6",1198,231
STN,SZG,"2023-02-11",914,232
EIN,TSF,"2023-02-8",1139,233
PMI,CGN,"2023-02-9",357,234
LPL,ORK,"2023-02-6",951,235
BZR,BRS,"2023-02-10",1429,236
TSF,HHN,"2023-02-8",1192,237
EMA,AGP,"2023-02-11",319,238
BUD,BRS,"2023-02-7",733,239
CRL,CHQ,"2023-02-8",1396,240
RHO,CRL,"2023-02-9",964,241
GRO,NCL,"2023-02-11",166,242
KUN,MLA,"2023-02-11",491,243
CCF,LPL,"2023-02-7",496,244
VLC,TFS,"2023-02-6",1434,245
CRL,EGC,"2023-02-6",443,246
CRL,NYO,"2023-02-7",409,247
HHN,PMI,"2023-02-10",789,248
RDZ,STN,"2023-02-10",1154,249
FKB,LPA,"2023-02-11",301,250
AGP,IBZ,"2023-02-11",397,251
DUB,NTE,"2023-02-9",857,252
BOH,GRO,"2023-02-11",458,253
STN,NOC,"2023-02-7",1298,254
NRN,SUF,"2023-02-9",799,255
RAK,CIA,"2023-02-9",568,256
DUB,PMI,"2023-02-7",1213,257
PMI,LPL,"2023-02-10",1027,258
MLA,GSE,"2023-02-9",534,259
CRL,CHQ,"2023-02-7",1088,260
SUF,BLQ,"2023-02-7",1171,261
VNO,DUB,"2023-02-6",1407,262
MAD,BVA,"2023-02-6",1092,263
AGP,NUE,"2023-02-11",1006,264
BVA,FEZ,"2023-02-11",893,265
CHQ,BRS,"2023-02-7",1381,266
MAD,BLQ,"2023-02-7",152,267
MLA,BHX,"2023-02-8",304,268
PMI,NRN,"2023-02-10",232,269
EDI,FUE,"2023-02-9",520,270
KUN,ALC,"2023-02-7",751,271
EIN,AHO,"2023-02-10",1121,272
GDN,WMI,"2023-02-7",838,273
EMA,NOC,"2023-02-6",1168,274
TPS,CRL,"2023-02-11",1028,275
AHO,GSE,"2023-02-6",716,276
LIS,MRS,"2023-02-6",1017,277
CFU,BLL,"2023-02-10",1471,278
NRN,CHQ,"2023-02-9",397,279
AOI,TPS,"2023-02-6",1297,280
BLL,GRO,"2023-02-8",1168,281
GRO,AHO,"2023-02-7",769,282
ZAD,MAN,"2023-02-8",823,283
STN,SNN,"2023-02-11",354,284
CIA,SVQ,"2023-02-11",429,285
CUF,TPS,"2023-02-7",514,286
BRE,TLL,"2023-02-10",333,287
SNN,BVA,"2023-02-8",1315,288
RYG,MAN,"2023-02-6",267,289
ALC,EDI,"2023-02-7",1169,290
STN,PGF,"2023-02-10",653,291
MMX,AGP,"2023-02-8",165,292
ALC,KIR,"2023-02-8",228,293
HHN,KIR,"2023-02-10",266,294
FAO,NRN,"2023-02-8",1479,295
AHO,AOI,"2023-02-10",1459,296
TLL,GRO,"2023-02-9",1258,297
POZ,BRS,"2023-02-9",898,298
BLL,BGY,"2023-02-6",1499,299
GDN,EDI,"2023-02-11",599,300
DUB,WMI,"2023-02-6",250,301
FAO,LDY,"2023-02-7",881,302
BRU,BCN,"2023-02-6",1096,303
BGY,NRN,"2023-02-11",274,304
BRU,PMI,"2023-02-9",1210,305
WMI,MRS,"2023-02-6",389,306
BCN,CIA,"2023-02-8",1329,307
TFS,BLL,"2023-02-6",923,308
FMM,TFS,"2023-02-11",1135,309
PMI,EDI,"2023-02-10",1030,310
RAK,SVQ,"2023-02-7",1051,311
DUB,WRO,"2023-02-6",255,312
BRS,ACE,"2023-02-8",353,313
TSF,BDS,"2023-02-8",335,314
RZE,MAN,"2023-02-10",333,315
FEZ,HHN,"2023-02-11",1416,316
GDN,RYG,"2023-02-6",1351,317
LBA,PSA,"2023-02-7",908,318
SDR,PMI,"2023-02-11",169,319
FEZ,HHN,"2023-02-6",1198,320
SCQ,ALC,"2023-02-11",1059,321
CRL,PEG,"2023-02-9",962,322
EMA,RZE,"2023-02-10",1214,323
LBA,AGP,"2023-02-9",1216,324
NRN,CIA,"2023-02-11",1067,325
PSA,EIN,"2023-02-9",1024,326
STN,MRS,"2023-02-11",1088,327
CIA,MRS,"2023-02-6",402,328
CIA,AHO,"2023-02-8",1244,329
GRO,FMO,"2023-02-11",1194,330
CRL,BIQ,"2023-02-6",224,331
AGP,VST,"2023-02-8",1442,332
GRO,BDS,"2023-02-7",684,333
CRL,BCN,"2023-02-7",615,334
STN,CCF,"2023-02-6",1311,335
BOD,CIA,"2023-02-10",215,336
BCN,WMI,"2023-02-7",1379,337
BCN,SCQ,"2023-02-8",529,338
BRE,NYO,"2023-02-11",1017,339
DLE,RAK,"2023-02-8",1142,340
LPL,LIG,"2023-02-7",367,341
SVQ,CIA,"2023-02-11",916,342
HHN,ZAD,"2023-02-11",315,343
STN,ATH,"2023-02-8",1218,344
BGY,LDE,"2023-02-6",764,345
BRI,CRL,"2023-02-7",1343,346
STN,CIA,"2023-02-6",267,347
PSA,FEZ,"2023-02-10",1353,348
BRS,LPA,"2023-02-7",1355,349
MRS,WMI,"2023-02-8",942,350
CIA,HHN,"2023-02-10",1066,351
OPO,STN,"2023-02-9",1331,352
CHQ,WMI,"2023-02-6",625,353
CHQ,EMA,"2023-02-8",713,354
OPO,MAD,"2023-02-10",1400,355
AGA,MRS,"2023-02-8",1170,356
CIA,MAD,"2023-02-11",461,357
WMI,CHQ,"2023-02-10",1242,358
PSA,BOH,"2023-02-9",865,359
GRO,RBA,"2023-02-11",835,360
NUE,AGP,"2023-02-7",188,361
BGY,CAG,"2023-02-8",1186,362
SNN,AGP,"2023-02-11",548,363
BGY,STN,"2023-02-9",401,364
BIQ,NYO,"2023-02-7",941,365
BGY,ALC,"2023-02-8",312,366
EDI,NRN,"2023-02-8",443,367
SCQ,STN,"2023-02-11",370,368
EIN,TPS,"2023-02-6",1208,369
BLL,PSA,"2023-02-6",962,370
ALC,STN,"2023-02-7",1211,371
OPO,BLQ,"2023-02-6",937,372
DUB,NTE,"2023-02-8",271,373
MJV,MAN,"2023-02-6",243,374
CRL,BIQ,"2023-02-6",1132,375
PMI,LBC,"2023-02-6",325,376
AHO,BVA,"2023-02-9",745,377
LPA,BOH,"2023-02-11",904,378
AGP,BRS,"2023-02-9",412,379
LPA,SCQ,"2023-02-7",863,380
EMA,CIA,"2023-02-7",695,381
PIS,STN,"2023-02-10",773,382
BRE,TSF,"2023-02-10",284,383
WRO,AGP,"2023-02-8",1143,384
RYG,WMI,"2023-02-9",1260,385
CUF,CAG,"2023-02-10",635,386
WRO,PIK,"2023-02-8",1371,387
AGP,FKB,"2023-02-7",1022,388
RAK,CRL,"2023-02-9",867,389
BOD,MRS,"2023-02-10",1338,390
LTN,AHO,"2023-02-6",825,391
AHO,BLL,"2023-02-11",1070,392
BCN,VLL,"2023-02-11",756,393
NYO,CIA,"2023-02-7",1244,394
CRL,BGY,"2023-02-6",1013,395
MRS,RAK,"2023-02-10",811,396
LPL,BTS,"2023-02-9",328,397
KUN,PMI,"2023-02-11",938,398
CHQ,SKG,"2023-02-6",583,399
FAO,MST,"2023-02-10",999,400
FEZ,BVA,"2023-02-8",1250,401
GRO,SKG,"2023-02-6",170,402
SKG,FKB,"2023-02-8",512,403
CRL,BIQ,"2023-02-9",548,404
ACE,SVQ,"2023-02-10",477,405
BGY,NRN,"2023-02-6",1317,406
BCN,BLQ,"2023-02-9",1097,407
EGC,BRS,"2023-02-9",694,408
KUN,ALC,"2023-02-10",454,409
NYO,BIQ,"2023-02-10",523,410
ALC,SCQ,"2023-02-6",150,411
LPL,ALC,"2023-02-7",318,412
IBZ,LPL,"2023-02-6",827,413
EMA,SXF,"2023-02-10",969,414
WMI,CIA,"2023-02-10",652,415
GRO,SKG,"2023-02-9",1454,416
PIK,ALC,"2023-02-7",1036,417
PSA,MLA,"2023-02-6",792,418
KRK,BHX,"2023-02-8",546,419
OPO,STN,"2023-02-8",1271,420
HHN,ALC,"2023-02-6",262,421
RYG,MLA,"2023-02-11",807,422
STN,BLQ,"2023-02-10",1076,423
AHO,EIN,"2023-02-9",1231,424
LIG,EMA,"2023-02-6",223,425
PMI,NRN,"2023-02-6",307,426
CRL,BUD,"2023-02-11",1349,427
WMI,NYO,"2023-02-6",372,428
LPL,FNI,"2023-02-10",1117,429
PSA,HHN,"2023-02-11",954,430
AHO,AOI,"2023-02-9",217,431
TPS,CRL,"2023-02-6",449,432
KRK,SNN,"2023-02-10",1381,433
EDI,CRL,"2023-02-10",1204,434
BGY,HHN,"2023-02-11",419,435
RDZ,STN,"2023-02-9",665,436
PMO,NRN,"2023-02-10",1436,437
LIG,LBA,"2023-02-7",246,438
LPL,SNN,"2023-02-8",222,439
AGP,NRN,"2023-02-8",1165,440
VNO,RYG,"2023-02-6",1342,441
CRL,TSF,"2023-02-10",705,442
STN,TRF,"2023-02-6",977,443
ALC,LPL,"2023-02-8",1486,444
BOH,AGP,"2023-02-9",426,445
FAO,BHX,"2023-02-10",1044,446
GSE,PSA,"2023-02-10",947,447
CAG,BRI,"2023-02-8",523,448
MAN,ALC,"2023-02-6",777,449
KRK,BVA,"2023-02-8",1063,450
WMI,PSA,"2023-02-8",1367,451
PMI,AAR,"2023-02-11",914,452
EMA,MJV,"2023-02-7",785,453
BTS,LTN,"2023-02-11",1028,454
AHO,BGY,"2023-02-11",1291,455
WMI,WRO,"2023-02-11",644,456
FMM,CIA,"2023-02-6",259,457
STN,BLQ,"2023-02-11",598,458
MAN,BGY,"2023-02-8",1390,459
PEG,TPS,"2023-02-11",667,460
OPO,LRH,"2023-02-10",211,461
CUF,CAG,"2023-02-10",894,462
EDI,BZR,"2023-02-7",214,463
RYG,BGY,"2023-02-6",460,464
STN,FAO,"2023-02-9",912,465
NOC,ALC,"2023-02-10",889,466
STN,RHO,"2023-02-8",1045,467
CIA,RYG,"2023-02-9",1010,468
ACE,CRL,"2023-02-6",653,469
STN,BCN,"2023-02-7",1326,470
CRL,SVQ,"2023-02-7",1189,471
BVA,NDR,"2023-02-9",733,472
DUB,LTN,"2023-02-8",1429,473
BHX,DUB,"2023-02-10",823,474
DUB,MAD,"2023-02-10",673,475
MMX,AGP,"2023-02-11",1153,476
NTE,MRS,"2023-02-11",1176,477
TPS,HHN,"2023-02-7",1124,478
GRO,BRS,"2023-02-10",1138,479
GRO,FMO,"2023-02-9",321,480
MST,GRO,"2023-02-7",1153,481
BLQ,MLA,"2023-02-9",1115,482
EBU,OPO,"2023-02-10",418,483
LPL,OPO,"2023-02-7",851,484
FAO,BRE,"2023-02-9",826,485
BRS,REU,"2023-02-9",1250,486
HHN,CHQ,"2023-02-8",338,487
STN,SDR,"2023-02-6",412,488
CTA,FCO,"2023-02-7",1196,489
BGY,EMA,"2023-02-9",1201,490
ALC,STN,"2023-02-8",1011,491
SDR,BGY,"2023-02-6",1142,492
AHO,BLQ,"2023-02-9",246,493
GRO,EIN,"2023-02-11",1054,494
STN,FEZ,"2023-02-10",903,495
DUB,AHO,"2023-02-10",605,496
CFU,CRL,"2023-02-6",803,497
BLL,PSA,"2023-02-11",943,498
CIY,STN,"2023-02-7",413,499
EDI,GDN,"2023-02-10",818,500
BGY,NRN,"2023-02-7",379,501
CRL,BGY,"2023-02-11",605,502
ALC,PIK,"2023-02-6",780,503
BGY,AGP,"2023-02-6",1085,504
FAO,LBA,"2023-02-9",1347,505
STN,HHN,"2023-02-8",1272,506
SVQ,BRI,"2023-02-11",1086,507
EMA,LIG,"2023-02-10",1312,508
DUB,RZE,"2023-02-7",170,509
NTE,MRS,"2023-02-10",1350,510
BRI,STN,"2023-02-7",1304,511
ALC,NOC,"2023-02-9",1292,512
SKG,STN,"2023-02-11",1341,513
BIQ,NYO,"2023-02-11",630,514
SNN,ALC,"2023-02-11",1270,515
TSF,AHO,"2023-02-6",887,516
STN,PUY,"2023-02-9",173,517
KRK,CRL,"2023-02-7",354,518
FAO,MAN,"2023-02-8",1144,519
LPL,REU,"2023-02-7",330,520
SCQ,LPA,"2023-02-11",174,521
RYG,BGY,"2023-02-7",1035,522
SVQ,CRL,"2023-02-9",339,523
TSF,TPS,"2023-02-7",1376,524
PMI,KUN,"2023-02-10",380,525
GSE,STN,"2023-02-6",614,526
FAO,BRS,"2023-02-11",991,527
FAO,LPL,"2023-02-7",1023,528
NOC,TFS,"2023-02-8",1002,529
STN,PRG,"2023-02-7",1095,530
HHN,ACE,"2023-02-10",1326,531
BHX,KRK,"2023-02-10",157,532
ACE,EIN,"2023-02-10",201,533
DUB,OTP,"2023-02-10",1240,534
BLL,AGP,"2023-02-8",1420,535
PIK,WRO,"2023-02-10",471,536
FKB,STN,"2023-02-8",963,537
EIN,ALC,"2023-02-9",234,538
RYG,TSF,"2023-02-6",1195,539
VLC,CIA,"2023-02-6",1286,540
BRS,TSF,"2023-02-11",514,541
BDS,GRO,"2023-02-6",960,542
CHQ,BRS,"2023-02-11",1318,543
BVA,PMI,"2023-02-9",1443,544
TSF,LBA,"2023-02-6",179,545
VNO,BCN,"2023-02-11",1161,546
PMI,WMI,"2023-02-8",1425,547
NRN,FAO,"2023-02-9",327,548
MLA,BGY,"2023-02-8",182,549
CRL,MAD,"2023-02-10",850,550
SDR,LPA,"2023-02-9",1380,551
ALC,MAN,"2023-02-9",1052,552
TSF,AGP,"2023-02-11",831,553
PMO,PSA,"2023-02-7",946,554
IBZ,LBA,"2023-02-10",269,555
EMA,CIA,"2023-02-11",1384,556
REU,PMI,"2023-02-6",735,557
PMI,BGY,"2023-02-10",1270,558
AHO,BLQ,"2023-02-11",860,559
LBA,KRK,"2023-02-8",835,560
BRI,CRL,"2023-02-10",850,561
BOH,IBZ,"2023-02-8",680,562
LDY,BHX,"2023-02-9",863,563
NRN,GRO,"2023-02-11",420,564
BCN,ACE,"2023-02-11",278,565
TRF,PSA,"2023-02-7",1228,566
PIK,RIX,"2023-02-10",217,567
DUB,NCE,"2023-02-10",480,568
BGY,LBC,"2023-02-10",1258,569
BCN,BHX,"2023-02-7",1456,570
LPL,VNO,"2023-02-6",1043,571
BSL,STN,"2023-02-6",252,572
MAN,FAO,"2023-02-6",879,573
LIS,STN,"2023-02-6",993,574
CRL,GOA,"2023-02-9",169,575
CIY,CIA,"2023-02-9",629,576
WRO,ALC,"2023-02-9",1394,577
ZAZ,BVA,"2023-02-10",386,578
WMI,EMA,"2023-02-11",438,579
PSA,KRK,"2023-02-6",1340,580
FAO,CGN,"2023-02-10",1401,581
BRS,ACE,"2023-02-9",1217,582
SDR,SVQ,"2023-02-6",743,583
BRS,ALC,"2023-02-7",1283,584
BRS,TSF,"2023-02-6",1398,585
FKB,ZAD,"2023-02-10",205,586
SUF,HHN,"2023-02-11",558,587
VST,AGP,"2023-02-8",271,588
STN,AGP,"2023-02-11",921,589
DTM,AHO,"2023-02-6",351,590
PMI,BRE,"2023-02-11",600,591
RYG,BLQ,"2023-02-6",557,592
PMI,BHX,"2023-02-11",1420,593
EMA,ACE,"2023-02-9",1229,594
CRL,VOL,"2023-02-7",1383,595
BLQ,ALC,"2023-02-9",1464,596
LPL,POZ,"2023-02-7",445,597
MAN,BZR,"2023-02-11",459,598
PSA,IBZ,"2023-02-9",821,599
TPS,BGY,"2023-02-10",990,600
IBZ,BHX,"2023-02-9",1394,601
DUB,TSF,"2023-02-11",170,602
CHQ,DUB,"2023-02-9",369,603
BTS,PMI,"2023-02-10",739,604
CRL,ZAD,"2023-02-6",1238,605
STN,CCF,"2023-02-6",330,606
RYG,KRK,"2023-02-10",1291,607
BCN,ACE,"2023-02-7",456,608
STN,CIA,"2023-02-6",1379,609
DUB,BRE,"2023-02-9",1402,610
LEI,CRL,"2023-02-11",763,611
CRL,SKG,"2023-02-6",1009,612
BZR,NYO,"2023-02-11",257,613
PMI,OPO,"2023-02-8",926,614
IBZ,CIA,"2023-02-6",675,615
BVA,LIS,"2023-02-10",169,616
CIA,RYG,"2023-02-10",1218,617
STN,BOD,"2023-02-10",525,618
CTA,EIN,"2023-02-6",970,619
BGY,WRO,"2023-02-7",189,620
BIQ,NYO,"2023-02-11",441,621
DLE,LIS,"2023-02-6",603,622
FCO,SUF,"2023-02-9",1309,623
PIK,IBZ,"2023-02-10",1160,624
CRL,VOL,"2023-02-11",1013,625
CGN,TFS,"2023-02-9",680,626
MLA,NYO,"2023-02-7",357,627
CCF,EMA,"2023-02-8",267,628
BHX,KRK,"2023-02-11",521,629
LUZ,STN,"2023-02-7",1050,630
BGY,VNO,"2023-02-6",1201,631
TNG,CRL,"2023-02-7",1297,632
TPS,BTS,"2023-02-10",926,633
RYG,TSF,"2023-02-8",1441,634
ALC,MAN,"2023-02-6",856,635
BRS,ALC,"2023-02-6",318,636
BRS,IBZ,"2023-02-6",607,637
BVA,PMI,"2023-02-9",457,638
MLA,TRN,"2023-02-11",814,639
AHO,DTM,"2023-02-8",1015,640
BLQ,MLA,"2023-02-8",1394,641
AGP,BTS,"2023-02-8",1322,642
KRK,RYG,"2023-02-10",1424,643
LPA,EDI,"2023-02-11",1338,644
AGP,LPL,"2023-02-11",342,645
KUN,RYG,"2023-02-8",1262,646
MRS,TUF,"2023-02-7",314,647
CRL,PSA,"2023-02-11",1495,648
SNN,STN,"2023-02-9",794,649
PMI,OPO,"2023-02-11",798,650
VLC,SCQ,"2023-02-8",274,651
MRS,TNG,"2023-02-11",806,652
VOL,CRL,"2023-02-7",839,653
BCN,NDR,"2023-02-11",321,654
BCN,BLQ,"2023-02-10",1178,655
SZZ,LPL,"2023-02-6",1319,656
MAN,MAD,"2023-02-11",231,657
GRO,BDS,"2023-02-6",1301,658
VLC,BGY,"2023-02-6",966,659
MLA,TPS,"2023-02-11",895,660
RHO,CRL,"2023-02-8",1190,661
LPL,OPO,"2023-02-6",839,662
FAO,DTM,"2023-02-11",896,663
BCN,BHX,"2023-02-9",966,664
STN,TRS,"2023-02-11",369,665
DUB,BZG,"2023-02-9",319,666
ACE,DUB,"2023-02-10",1010,667
CIA,MRS,"2023-02-8",302,668
ORK,VNO,"2023-02-8",908,669
MLA,MRS,"2023-02-11",1234,670
BTS,TPS,"2023-02-8",733,671
TSF,NYO,"2023-02-6",247,672
MAD,CIA,"2023-02-6",1056,673
SDR,BGY,"2023-02-6",764,674
GSE,MRS,"2023-02-8",869,675
RYG,DUB,"2023-02-8",1412,676
BCN,LPA,"2023-02-10",920,677
WRO,LPL,"2023-02-6",840,678
STN,ALC,"2023-02-8",337,679
KRK,PFO,"2023-02-7",639,680
MRS,STN,"2023-02-6",728,681
STN,VNO,"2023-02-11",597,682
KRK,GRO,"2023-02-8",460,683
SDR,STN,"2023-02-10",1186,684
EDI,PSA,"2023-02-10",1188,685
AGP,TMP,"2023-02-8",1440,686
CAG,TSF,"2023-02-8",450,687
BRE,FAO,"2023-02-6",900,688
AGP,CRL,"2023-02-11",520,689
MAD,MAN,"2023-02-6",665,690
EIN,SVQ,"2023-02-6",1242,691
AOI,AHO,"2023-02-7",591,692
SDR,NRN,"2023-02-10",570,693
NYO,WMI,"2023-02-10",1142,694
BOH,MLA,"2023-02-11",228,695
ACE,BOH,"2023-02-8",587,696
PSA,IBZ,"2023-02-10",744,697
BCN,ACE,"2023-02-8",1330,698
FKB,STN,"2023-02-7",510,699
BRS,WMI,"2023-02-8",1145,700
NDR,HHN,"2023-02-9",922,701
EIN,BDS,"2023-02-9",436,702
RAK,DLE,"2023-02-9",657,703
BCN,BVA,"2023-02-7",1022,704
CIA,HHN,"2023-02-9",851,705
MAN,BZR,"2023-02-7",955,706
PMI,BRE,"2023-02-6",984,707
WRO,ORK,"2023-02-10",1196,708
NTE,FEZ,"2023-02-6",1267,709
AGA,CRL,"2023-02-7",1006,710
KTW,STN,"2023-02-7",310,711
GRO,WRO,"2023-02-10",840,712
BUD,CIA,"2023-02-11",299,713
FAO,OPO,"2023-02-6",1366,714
RHO,ATH,"2023-02-10",959,715
MAN,REU,"2023-02-9",591,716
FAO,BVA,"2023-02-7",1496,717
NRN,BGY,"2023-02-8",1410,718
BGY,SCQ,"2023-02-9",825,719
EIN,CFU,"2023-02-11",1472,720
AGP,NOC,"2023-02-9",1155,721
VNO,DUB,"2023-02-7",660,722
RYG,PMI,"2023-02-11",949,723
HHN,SCQ,"2023-02-9",1394,724
SCQ,BGY,"2023-02-9",1188,725
IBZ,BRS,"2023-02-10",908,726
LBA,AGP,"2023-02-11",254,727
NYO,ZAD,"2023-02-8",527,728
EGC,LPL,"2023-02-10",746,729
ALC,HHN,"2023-02-7",345,730
STN,KTW,"2023-02-8",739,731
AGP,SDR,"2023-02-11",350,732
BTS,LPL,"2023-02-10",716,733
BVA,NYO,"2023-02-9",815,734
BTS,LPL,"2023-02-11",549,735
EMA,DUB,"2023-02-8",894,736
AHO,BLQ,"2023-02-10",414,737
BRS,AGP,"2023-02-11",447,738
AOI,NRN,"2023-02-6",1270,739
FAO,DTM,"2023-02-11",1090,740
BGY,KRK,"2023-02-7",1471,741
BRS,PMI,"2023-02-9",1221,742
DUB,CIA,"2023-02-7",1489,743
DUB,SXF,"2023-02-10",518,744
BRE,TMP,"2023-02-9",1396,745
CRL,PSA,"2023-02-10",1236,746
RYG,RHO,"2023-02-7",1158,747
STN,NRN,"2023-02-9",1213,748
STN,BZG,"2023-02-11",787,749
ACE,LTN,"2023-02-10",564,750
OPO,FKB,"2023-02-6",867,751
CRL,SUF,"2023-02-11",881,752
GRO,AHO,"2023-02-6",431,753
MLA,DUB,"2023-02-10",469,754
BRS,VLC,"2023-02-10",820,755
CRL,ZAZ,"2023-02-8",884,756
KUN,BRS,"2023-02-10",1192,757
EDI,CIA,"2023-02-11",1015,758
NTE,DUB,"2023-02-11",615,759
CIA,WRO,"2023-02-10",655,760
PMI,GRO,"2023-02-9",1262,761
SVQ,TFS,"2023-02-10",412,762
BGY,ATH,"2023-02-8",466,763
STN,RHO,"2023-02-11",758,764
MLA,BRI,"2023-02-7",950,765
FAO,BRE,"2023-02-7",1436,766
FNI,FEZ,"2023-02-7",598,767
VLC,BRI,"2023-02-9",575,768
NRN,LEI,"2023-02-11",1052,769
SUF,HHN,"2023-02-6",235,770
HHN,SDR,"2023-02-6",490,771
STN,ALC,"2023-02-8",231,772
RHO,ATH,"2023-02-10",1235,773
ATH,CHQ,"2023-02-7",539,774
BLQ,ACE,"2023-02-9",391,775
NYO,CHQ,"2023-02-10",1180,776
MRS,TNG,"2023-02-11",618,777
PMI,BLL,"2023-02-9",565,778
VLC,BLQ,"2023-02-7",446,779
MAD,PMO,"2023-02-8",1309,780
LIS,PSA,"2023-02-11",1129,781
OPO,BOD,"2023-02-7",453,782
MAN,GDN,"2023-02-11",1454,783
LTN,DUB,"2023-02-11",1213,784
RBA,GRO,"2023-02-6",246,785
ACE,EMA,"2023-02-10",1297,786
ZAD,HHN,"2023-02-9",965,787
DUB,MJV,"2023-02-10",837,788
TSF,HHN,"2023-02-8",935,789
LTN,RAK,"2023-02-9",364,790
LPA,SCQ,"2023-02-10",1407,791
BOH,GRO,"2023-02-7",1478,792
BRI,TRS,"2023-02-11",1285,793
BOH,PSA,"2023-02-6",1318,794
CRL,MAD,"2023-02-6",1485,795
LPP,BGY,"2023-02-6",1455,796
GRO,BGY,"2023-02-10",1421,797
HHN,XRY,"2023-02-9",766,798
STN,BRQ,"2023-02-10",556,799
LRH,STN,"2023-02-8",531,800
MAD,BGY,"2023-02-8",453,801
TFS,HHN,"2023-02-10",1334,802
HAU,STN,"2023-02-6",1089,803
BLQ,WMI,"2023-02-10",885,804
SDR,AGP,"2023-02-7",1466,805
SXF,STN,"2023-02-8",935,806
BTS,AGP,"2023-02-11",521,807
SKG,CIA,"2023-02-10",1096,808
BVA,TRS,"2023-02-7",1060,809
SNN,PMI,"2023-02-6",551,810
TFN,MAD,"2023-02-10",478,811
TPS,BVA,"2023-02-9",765,812
LPL,KRK,"2023-02-6",1292,813
TPS,CUF,"2023-02-7",1284,814
AHO,TRF,"2023-02-11",1455,815
BRI,DUB,"2023-02-7",1488,816
VLC,MRS,"2023-02-9",355,817
VLC,BRU,"2023-02-7",1247,818
SXF,EMA,"2023-02-7",960,819
NRN,LPA,"2023-02-9",1404,820
WMI,CHQ,"2023-02-6",715,821
LIG,LBA,"2023-02-11",997,822
STN,SZZ,"2023-02-8",1467,823
MAN,MAD,"2023-02-9",160,824
VLC,OPO,"2023-02-9",1441,825
ZAZ,BVA,"2023-02-7",587,826
NRN,CHQ,"2023-02-9",1341,827
MAN,MAD,"2023-02-9",694,828
TRN,CRL,"2023-02-10",523,829
SUF,STN,"2023-02-8",163,830
EMA,CFU,"2023-02-6",588,831
BCN,AGP,"2023-02-6",880,832
BUD,BCN,"2023-02-6",634,833
LPA,EMA,"2023-02-7",375,834
DUB,AGP,"2023-02-6",895,835
WMI,CIA,"2023-02-9",603,836
SVQ,DUB,"2023-02-10",1099,837
BGY,GRO,"2023-02-8",991,838
SXF,RYG,"2023-02-11",1019,839
BRU,BCN,"2023-02-10",1053,840
OPO,LRH,"2023-02-8",846,841
WMI,PIK,"2023-02-6",1474,842
MAD,FUE,"2023-02-10",1256,843
BRU,ALC,"2023-02-11",1240,844
VLC,HHN,"2023-02-9",996,845
BUD,DUB,"2023-02-6",769,846
BGY,TLL,"2023-02-7",272,847
MLA,GRO,"2023-02-9",202,848
BRS,TFS,"2023-02-6",564,849
TUF,RAK,"2023-02-10",1436,850
CRL,EDI,"2023-02-9",225,851
ALC,SNN,"2023-02-9",484,852
NRN,TSF,"2023-02-6",917,853
NRN,PMI,"2023-02-11",732,854
SCQ,VLC,"2023-02-6",423,855
STN,BRQ,"2023-02-6",721,856
PMI,BGY,"2023-02-8",288,857
ZAZ,BVA,"2023-02-7",1054,858
RYG,KGS,"2023-02-10",297,859
SCQ,BGY,"2023-02-10",1170,860
SDR,HHN,"2023-02-8",773,861
MRS,GSE,"2023-02-10",177,862
STN,AAR,"2023-02-8",1130,863
BIQ,STN,"2023-02-9",1058,864
NRN,ALC,"2023-02-7",440,865
ZAD,HAU,"2023-02-9",447,866
BOH,MLA,"2023-02-8",657,867
TRF,PSA,"2023-02-7",402,868
AHO,DUB,"2023-02-9",235,869
STN,SXB,"2023-02-7",1268,870
FKB,ZAD,"2023-02-11",1333,871
AGP,CRL,"2023-02-8",891,872
TNG,MRS,"2023-02-11",363,873
TPS,PMF,"2023-02-7",1228,874
STN,ORK,"2023-02-11",970,875
OPO,TFS,"2023-02-8",643,876
BUD,DUB,"2023-02-8",642,877
MAD,MRS,"2023-02-9",1042,878
EMA,BCN,"2023-02-11",438,879
BRI,MLA,"2023-02-8",973,880
NRN,VLC,"2023-02-9",845,881
ZAD,BVA,"2023-02-10",903,882
STN,LRH,"2023-02-9",1209,883
GRO,DUB,"2023-02-7",937,884
BGY,CHQ,"2023-02-9",893,885
IBZ,DUB,"2023-02-8",1353,886
CRL,ZTH,"2023-02-8",1349,887
BGY,MAD,"2023-02-10",760,888
KRK,BGY,"2023-02-11",299,889
MAD,MLA,"2023-02-9",1177,890
STN,KIR,"2023-02-9",762,891
TRS,BRI,"2023-02-7",575,892
AHO,LTN,"2023-02-7",898,893
CRL,BOD,"2023-02-11",401,894
CRL,KRK,"2023-02-7",1270,895
SDR,BCN,"2023-02-9",1079,896
BOH,CHQ,"2023-02-8",1372,897
MAD,MAN,"2023-02-8",1162,898
CRL,PEG,"2023-02-8",1273,899
BRS,RZE,"2023-02-6",542,900
RZE,RYG,"2023-02-11",1292,901
BTS,AHO,"2023-02-10",717,902
LPA,BOH,"2023-02-7",1095,903
VLC,BRS,"2023-02-9",1311,904
HHN,VOL,"2023-02-7",855,905
BSL,DUB,"2023-02-10",783,906
PSA,EDI,"2023-02-7",801,907
TRN,TPS,"2023-02-8",1239,908
CIA,VNO,"2023-02-7",1316,909
LTN,BZR,"2023-02-6",773,910
SUF,NRN,"2023-02-6",1013,911
NRN,ACE,"2023-02-6",1311,912
DUB,CHQ,"2023-02-11",1074,913
FCO,SUF,"2023-02-11",746,914
STN,CFU,"2023-02-9",311,915
TUF,RAK,"2023-02-10",436,916
BCN,TRN,"2023-02-7",223,917
SKG,GRO,"2023-02-6",597,918
TSF,DUB,"2023-02-10",457,919
CIA,DUB,"2023-02-11",1307,920
VNO,BRE,"2023-02-6",1290,921
CRL,ACE,"2023-02-6",872,922
LPA,PIK,"2023-02-10",601,923
VLC,NRN,"2023-02-8",1144,924
ACE,SVQ,"2023-02-11",1418,925
WMI,PIK,"2023-02-8",453,926
CRL,PEG,"2023-02-10",770,927
POZ,GRO,"2023-02-9",172,928
TSF,CHQ,"2023-02-11",738,929
LBA,KGS,"2023-02-7",967,930
LPA,OPO,"2023-02-9",299,931
CIA,KRK,"2023-02-6",1361,932
DUB,RDZ,"2023-02-6",561,933
CIA,KRK,"2023-02-11",365,934
WRO,LPL,"2023-02-8",848,935
NRN,RIX,"2023-02-11",859,936
MAD,MRS,"2023-02-9",784,937
BTS,STN,"2023-02-10",1118,938
BVA,BCN,"2023-02-6",708,939
HAU,PSA,"2023-02-9",1067,940
STN,EGC,"2023-02-6",852,941
MST,TPS,"2023-02-11",992,942
RAK,LTN,"2023-02-10",878,943
IBZ,PSA,"2023-02-9",1075,944
FAO,MAN,"2023-02-7",1231,945
TPS,PSA,"2023-02-6",481,946
FEZ,BCN,"2023-02-11",677,947
KRK,MAD,"2023-02-8",942,948
BSL,STN,"2023-02-6",794,949
BRS,GRO,"2023-02-11",1279,950
BTS,DUB,"2023-02-10",1315,951
PMI,DTM,"2023-02-7",1027,952
HHN,ALC,"2023-02-7",281,953
STN,EIN,"2023-02-9",612,954
MAN,GRO,"2023-02-8",350,955
GRO,POZ,"2023-02-10",921,956
PSA,GDN,"2023-02-9",977,957
CRL,SUF,"2023-02-9",958,958
DUB,OPO,"2023-02-10",1170,959
GSE,ALC,"2023-02-6",1097,960
BRE,RIX,"2023-02-10",453,961
FUE,LBA,"2023-02-6",1156,962
CRL,PSA,"2023-02-10",1178,963
LIS,HHN,"2023-02-9",176,964
STN,HHN,"2023-02-6",816,965
AHO,BTS,"2023-02-9",490,966
TRS,AHO,"2023-02-8",446,967
AGP,BHX,"2023-02-6",1244,968
BLL,CCF,"2023-02-8",1331,969
FAO,DUB,"2023-02-6",860,970
SKG,HHN,"2023-02-9",1285,971
LPL,FUE,"2023-02-9",1371,972
DUB,FAO,"2023-02-6",1159,973
BUD,MAD,"2023-02-11",406,974
FKB,TFS,"2023-02-10",422,975
BCN,MAN,"2023-02-10",719,976
HHN,PDV,"2023-02-6",232,977
EDI,MLA,"2023-02-11",1422,978
HHN,TMP,"2023-02-10",852,979
CIA,SVQ,"2023-02-7",1373,980
NRN,ACE,"2023-02-8",429,981
BTS,AGP,"2023-02-10",1011,982
CHQ,BRS,"2023-02-7",1260,983
STN,SZZ,"2023-02-10",253,984
BVE,STN,"2023-02-11",1455,985
PMI,DUB,"2023-02-7",956,986
PMI,MAN,"2023-02-6",756,987
AGP,VST,"2023-02-8",1338,988
MLA,WRO,"2023-02-11",455,989
REU,EMA,"2023-02-10",718,990
PSA,NYO,"2023-02-6",649,991
DUB,LEI,"2023-02-11",964,992
HHN,VOL,"2023-02-8",237,993
CRL,AGP,"2023-02-7",878,994
LPL,ALC,"2023-02-9",768,995
MAD,BVA,"2023-02-7",644,996
DUB,MAD,"2023-02-9",857,997
KRK,EIN,"2023-02-11",157,998
OPO,LPL,"2023-02-11",676,999
WRO,RYG,"2023-02-8",605,1000
SUF,STN,"2023-02-11",869,1001
BRU,PMI,"2023-02-6",1020,1002
DUB,CIA,"2023-02-11",1322,1003
DUB,AHO,"2023-02-8",1304,1004
ACE,SDR,"2023-02-11",816,1005
CHQ,LBA,"2023-02-11",555,1006
HHN,SUF,"2023-02-10",301,1007
OPO,EBU,"2023-02-7",1176,1008
TSF,BVA,"2023-02-10",486,1009
ATH,CHQ,"2023-02-6",1211,1010
OPO,LPA,"2023-02-11",364,1011
STN,NUE,"2023-02-10",159,1012
BHX,AGP,"2023-02-10",239,1013
GRO,BLL,"2023-02-7",391,1014
EMA,LPA,"2023-02-9",1170,1015
WMI,EIN,"2023-02-8",1070,1016
FUE,NRN,"2023-02-6",949,1017
BGY,MAD,"2023-02-10",1468,1018
TFS,BVA,"2023-02-11",919,1019
MRS,SVQ,"2023-02-11",1405,1020
KTW,CHQ,"2023-02-11",1369,1021
KUN,PMI,"2023-02-8",818,1022
KUN,CIY,"2023-02-9",871,1023
TFS,PIK,"2023-02-11",1463,1024
VNO,BVA,"2023-02-8",1262,1025
ALC,LBA,"2023-02-11",1187,1026
BVA,TPS,"2023-02-11",494,1027
BCN,EMA,"2023-02-7",1277,1028
STN,HAU,"2023-02-11",1237,1029
TFS,FKB,"2023-02-10",355,1030
DUB,RAK,"2023-02-10",1402,1031
FEZ,PSA,"2023-02-8",1470,1032
LIL,MRS,"2023-02-7",1040,1033
AHO,BTS,"2023-02-6",1057,1034
FNI,FEZ,"2023-02-11",160,1035
GDN,EDI,"2023-02-9",1379,1036
FUE,BHX,"2023-02-9",380,1037
ORK,FUE,"2023-02-10",1235,1038
FMM,STN,"2023-02-7",1468,1039
DUB,BVA,"2023-02-7",623,1040
EDI,BZR,"2023-02-6",1107,1041
GRO,BGY,"2023-02-11",1069,1042
MLA,EIN,"2023-02-8",1290,1043
NRN,AGP,"2023-02-6",537,1044
MAN,FUE,"2023-02-9",1138,1045
BIQ,CRL,"2023-02-11",1404,1046
FAO,DTM,"2023-02-11",1137,1047
TPS,HHN,"2023-02-9",422,1048
BCN,SVQ,"2023-02-9",639,1049
CIY,CRL,"2023-02-7",577,1050
LTN,MLA,"2023-02-8",374,1051
EIN,DUB,"2023-02-11",1106,1052
CIA,BCN,"2023-02-11",369,1053
STN,EIN,"2023-02-9",807,1054
SDR,SVQ,"2023-02-9",952,1055
BCN,NYO,"2023-02-7",1495,1056
FAO,CGN,"2023-02-8",403,1057
ZTH,CRL,"2023-02-9",1452,1058
BVA,TRS,"2023-02-9",1092,1059
PMI,KUN,"2023-02-8",895,1060
XCR,RAK,"2023-02-11",806,1061
NCE,SNN,"2023-02-7",258,1062
BOH,MLA,"2023-02-11",1062,1063
HHN,ALC,"2023-02-7",1242,1064
STN,ORK,"2023-02-7",352,1065
PMO,NRN,"2023-02-7",544,1066
AHO,NYO,"2023-02-11",904,1067
LGW,SVQ,"2023-02-10",760,1068
PFO,CRL,"2023-02-6",876,1069
BRS,LPA,"2023-02-10",327,1070
VLC,TFS,"2023-02-6",1442,1071
IBZ,PSA,"2023-02-11",1172,1072
LPL,SZZ,"2023-02-7",718,1073
NOC,STN,"2023-02-8",690,1074
BCN,TFS,"2023-02-11",153,1075
NOC,TFS,"2023-02-11",525,1076
CIA,WMI,"2023-02-9",1171,1077
PMO,STN,"2023-02-6",342,1078
EMA,FAO,"2023-02-10",853,1079
CRL,CCF,"2023-02-9",1269,1080
FEZ,NTE,"2023-02-8",939,1081
TFS,BHX,"2023-02-10",673,1082
GRO,NCL,"2023-02-7",1493,1083
BRS,NOC,"2023-02-8",886,1084
FAO,HHN,"2023-02-6",796,1085
DUB,VNO,"2023-02-8",933,1086
LPL,BCN,"2023-02-11",652,1087
SKG,BRE,"2023-02-11",713,1088
CRL,PEG,"2023-02-7",241,1089
LIS,BVA,"2023-02-8",885,1090
LPA,CRL,"2023-02-10",310,1091
HHN,KUN,"2023-02-8",675,1092
BRI,HHN,"2023-02-10",797,1093
BRS,LIG,"2023-02-9",367,1094
OUD,BVA,"2023-02-6",848,1095
BRI,BGY,"2023-02-7",495,1096
ORK,EMA,"2023-02-7",302,1097
PSA,EIN,"2023-02-8",1470,1098
VOL,CRL,"2023-02-7",1405,1099
PSA,NRN,"2023-02-7",1437,1100
BVA,OUD,"2023-02-9",245,1101
STN,SZG,"2023-02-7",188,1102
VLC,EMA,"2023-02-9",252,1103
TFS,SDR,"2023-02-8",219,1104
MAD,DUB,"2023-02-7",1487,1105
AGP,CGN,"2023-02-7",1490,1106
CCF,BLL,"2023-02-8",213,1107
STN,MAD,"2023-02-7",1081,1108
CRL,MRS,"2023-02-10",1051,1109
RIX,MAN,"2023-02-11",428,1110
BLL,ZAD,"2023-02-11",564,1111
ORK,WRO,"2023-02-7",163,1112
BLQ,KRK,"2023-02-9",344,1113
OTP,STN,"2023-02-8",1294,1114
BOD,CRL,"2023-02-6",774,1115
RAK,DLE,"2023-02-6",1166,1116
MRS,PMI,"2023-02-11",799,1117
STN,ORK,"2023-02-11",1415,1118
TFS,EDI,"2023-02-11",755,1119
CRL,RHO,"2023-02-9",515,1120
BUD,DUB,"2023-02-11",1053,1121
PMO,MAD,"2023-02-6",312,1122
NYO,KRK,"2023-02-6",584,1123
SXF,STN,"2023-02-11",753,1124
RYG,PMI,"2023-02-7",444,1125
MAN,BLQ,"2023-02-6",350,1126
MAN,PMI,"2023-02-6",492,1127
PSA,EDI,"2023-02-6",1375,1128
ACE,BOH,"2023-02-11",150,1129
ALC,HHN,"2023-02-7",1147,1130
EGC,LPL,"2023-02-11",1365,1131
TFS,FKB,"2023-02-6",207,1132
PIK,ACE,"2023-02-9",849,1133
BCN,FUE,"2023-02-11",1253,1134
KTW,STN,"2023-02-10",1006,1135
CIA,TPS,"2023-02-6",180,1136
RAK,BVA,"2023-02-10",686,1137
HAU,STN,"2023-02-8",924,1138
STN,XRY,"2023-02-7",460,1139
HHN,MPL,"2023-02-9",1388,1140
MAN,LPA,"2023-02-7",1324,1141
AGP,BGY,"2023-02-8",1318,1142
BRI,TSF,"2023-02-9",1147,1143
PSA,SUF,"2023-02-8",653,1144
NRN,TSF,"2023-02-11",694,1145
DUB,CRL,"2023-02-11",1077,1146
DUB,BRS,"2023-02-6",779,1147
SDR,DUB,"2023-02-7",1252,1148
BCN,XRY,"2023-02-11",1427,1149
LTN,REU,"2023-02-10",1427,1150
TSF,NRN,"2023-02-7",734,1151
SNN,FMM,"2023-02-8",995,1152
SKG,HHN,"2023-02-7",801,1153
ZAZ,STN,"2023-02-10",864,1154
MLA,EDI,"2023-02-11",741,1155
SXF,RYG,"2023-02-8",1154,1156
RAK,BGY,"2023-02-9",413,1157
TPS,CRL,"2023-02-6",951,1158
HHN,CAG,"2023-02-9",637,1159
PMI,CGN,"2023-02-9",1438,1160
MLA,MRS,"2023-02-11",875,1161
ZAD,GSE,"2023-02-7",641,1162
FMM,TFS,"2023-02-7",418,1163
BLQ,SUF,"2023-02-11",634,1164
MAN,PFO,"2023-02-9",1220,1165
CFU,PIK,"2023-02-9",402,1166
BRI,FKB,"2023-02-11",1470,1167
BRU,FCO,"2023-02-11",1187,1168
BCN,NYO,"2023-02-11",667,1169
AGP,CGN,"2023-02-6",1001,1170
ATH,PFO,"2023-02-10",1300,1171
LPL,FUE,"2023-02-11",909,1172
BVA,BGY,"2023-02-11",879,1173
HHN,PUY,"2023-02-7",673,1174
EMA,PSA,"2023-02-11",1105,1175
CFU,LBA,"2023-02-6",488,1176
LIS,PSA,"2023-02-8",1092,1177
CRL,CAG,"2023-02-10",1394,1178
RZE,EMA,"2023-02-10",969,1179
MLA,BGY,"2023-02-10",448,1180
EIN,AGP,"2023-02-9",1446,1181
SNN,STN,"2023-02-6",199,1182
DTM,GRO,"2023-02-6",426,1183
DUB,VLC,"2023-02-6",758,1184
SZZ,LPL,"2023-02-9",819,1185
BRE,ALC,"2023-02-7",619,1186
PSA,EIN,"2023-02-6",619,1187
TPS,HHN,"2023-02-8",1480,1188
BLQ,AHO,"2023-02-11",1029,1189
LPL,LPA,"2023-02-8",503,1190
ACE,NOC,"2023-02-11",1122,1191
HHN,TPS,"2023-02-11",1106,1192
TRN,BRI,"2023-02-10",881,1193
TFS,BOH,"2023-02-9",890,1194
STN,LPA,"2023-02-7",443,1195
NOC,LPL,"2023-02-6",252,1196
BRE,OPO,"2023-02-10",556,1197
KUN,CIY,"2023-02-9",407,1198
CCF,DUB,"2023-02-6",161,1199
MRS,ESU,"2023-02-9",1378,1200
GRO,PSA,"2023-02-9",695,1201
POZ,STN,"2023-02-8",1348,1202
TMP,BUD,"2023-02-11",314,1203
STN,VNO,"2023-02-10",904,1204
FMO,GRO,"2023-02-8",1355,1205
TFS,EDI,"2023-02-9",1293,1206
GRO,LBA,"2023-02-11",762,1207
NYO,CIA,"2023-02-9",1215,1208
FUE,LBA,"2023-02-8",681,1209
WMI,BGY,"2023-02-9",597,1210
HHN,CAG,"2023-02-7",1402,1211
CAG,FKB,"2023-02-10",576,1212
CTA,BGY,"2023-02-9",399,1213
LPA,SDR,"2023-02-7",1076,1214
SDR,BCN,"2023-02-8",641,1215
LPA,LTN,"2023-02-9",882,1216
BVA,PSA,"2023-02-10",229,1217
ALC,KUN,"2023-02-7",366,1218
CIA,FKB,"2023-02-6",1463,1219
STN,FAO,"2023-02-8",1369,1220
BCN,OPO,"2023-02-11",724,1221
ALC,CRL,"2023-02-8",1300,1222
FUE,BOH,"2023-02-11",1128,1223
OPO,FAO,"2023-02-6",836,1224
FKB,TFS,"2023-02-6",640,1225
OTP,DUB,"2023-02-9",586,1226
LTN,BTS,"2023-02-7",416,1227
IBZ,PSA,"2023-02-11",740,1228
TPS,TRS,"2023-02-8",652,1229
AHO,LTN,"2023-02-7",1201,1230
RAK,TUF,"2023-02-8",1057,1231
MAN,IBZ,"2023-02-11",1319,1232
CRL,PGF,"2023-02-7",499,1233
LTN,MLA,"2023-02-7",385,1234
CFU,NRN,"2023-02-9",1266,1235
NYO,SKG,"2023-02-7",165,1236
DUB,ACE,"2023-02-9",1063,1237
VNO,BRE,"2023-02-6",750,1238
BLL,ALC,"2023-02-11",433,1239
STN,RBA,"2023-02-7",293,1240
FUE,MAN,"2023-02-7",763,1241
RIX,NRN,"2023-02-7",1064,1242
LIL,OPO,"2023-02-6",748,1243
BOH,ACE,"2023-02-6",561,1244
BOD,OPO,"2023-02-8",324,1245
EDI,BTS,"2023-02-11",360,1246
EMA,PMI,"2023-02-11",770,1247
PGF,CRL,"2023-02-10",717,1248
MAH,BCN,"2023-02-8",238,1249
KRK,BVA,"2023-02-8",1016,1250
DUB,CRL,"2023-02-10",291,1251
DUB,BSL,"2023-02-11",589,1252
BGY,FEZ,"2023-02-7",686,1253
OPO,BOD,"2023-02-11",1302,1254
CRL,SVQ,"2023-02-6",1441,1255
GRO,POZ,"2023-02-11",259,1256
RAK,MAD,"2023-02-6",1263,1257
BHX,MJV,"2023-02-10",628,1258
HHN,GRO,"2023-02-10",1098,1259
GRO,NCL,"2023-02-10",1163,1260
EMA,PMI,"2023-02-8",1418,1261
LBA,TFS,"2023-02-11",304,1262
OPO,LRH,"2023-02-7",728,1263
ATH,PFO,"2023-02-7",1399,1264
EMA,LRH,"2023-02-9",1158,1265
LPA,CRL,"2023-02-9",1499,1266
RYG,WRO,"2023-02-8",636,1267
ACE,BRS,"2023-02-10",635,1268
BRI,MST,"2023-02-6",401,1269
DUB,ACE,"2023-02-6",753,1270
DUB,PIK,"2023-02-10",487,1271
BGY,LBA,"2023-02-6",958,1272
BVA,WMI,"2023-02-8",320,1273
BLQ,CRL,"2023-02-7",971,1274
SVQ,LGW,"2023-02-10",1454,1275
MLA,NYO,"2023-02-9",1147,1276
RYG,KRK,"2023-02-10",502,1277
PMI,CIA,"2023-02-8",319,1278
BZR,LTN,"2023-02-6",1104,1279
BRE,TFS,"2023-02-6",1385,1280
KRK,MAD,"2023-02-6",621,1281
BCN,RYG,"2023-02-9",1117,1282
NYO,BCN,"2023-02-6",217,1283
SZZ,DUB,"2023-02-9",1195,1284
BUD,BCN,"2023-02-7",1274,1285
FEZ,EBU,"2023-02-8",426,1286
PSA,BOH,"2023-02-9",203,1287
GDN,WMI,"2023-02-7",898,1288
CRL,RHO,"2023-02-9",475,1289
EMA,KRK,"2023-02-11",429,1290
NCL,GRO,"2023-02-6",996,1291
EMA,DNR,"2023-02-6",1413,1292
PEG,TPS,"2023-02-11",790,1293
EIN,FAO,"2023-02-6",1058,1294
BGY,BLL,"2023-02-7",222,1295
FCO,CTA,"2023-02-7",762,1296
BGY,CAG,"2023-02-7",1331,1297
KRK,BGY,"2023-02-7",274,1298
LBA,FUE,"2023-02-7",852,1299
ATH,RHO,"2023-02-7",628,1300
TFS,OPO,"2023-02-8",1436,1301
NDR,HHN,"2023-02-10",316,1302
KUN,CAG,"2023-02-7",1435,1303
PMI,CRL,"2023-02-10",795,1304
TSF,BRS,"2023-02-8",173,1305
ACE,SNN,"2023-02-6",1174,1306
TPS,BTS,"2023-02-8",980,1307
SNN,PMI,"2023-02-9",188,1308
ACE,LBA,"2023-02-10",1459,1309
BLQ,ALC,"2023-02-6",899,1310
EMA,TSF,"2023-02-6",301,1311
STN,CFU,"2023-02-11",668,1312
GRO,FMO,"2023-02-11",498,1313
TGD,CRL,"2023-02-7",255,1314
EIN,ACE,"2023-02-10",516,1315
RAK,SVQ,"2023-02-9",956,1316
AGP,IBZ,"2023-02-11",259,1317
CRL,PGF,"2023-02-7",953,1318
BGY,TMP,"2023-02-9",804,1319
PMI,BRE,"2023-02-7",478,1320
LIG,LBA,"2023-02-8",1440,1321
SDR,NRN,"2023-02-9",578,1322
BGY,RYG,"2023-02-11",1244,1323
KUN,RYG,"2023-02-9",1182,1324
RYG,MAN,"2023-02-6",1002,1325
OPO,CRL,"2023-02-7",1391,1326
EMA,GRO,"2023-02-6",424,1327
PSA,KRK,"2023-02-7",791,1328
IBZ,AGP,"2023-02-11",371,1329
TRN,CTA,"2023-02-9",1389,1330
REU,EMA,"2023-02-9",190,1331
BGY,DUB,"2023-02-10",468,1332
RIX,DUB,"2023-02-8",1482,1333
TFS,MST,"2023-02-7",1500,1334
AHO,FMM,"2023-02-8",1040,1335
KGS,LPL,"2023-02-8",1234,1336
TMP,BUD,"2023-02-9",760,1337
LBA,ALC,"2023-02-8",375,1338
PSR,CRL,"2023-02-7",308,1339
NOC,TFS,"2023-02-10",1030,1340
AGP,RYG,"2023-02-9",621,1341
BGY,LPP,"2023-02-9",811,1342
CRL,PMI,"2023-02-9",929,1343
OPO,EBU,"2023-02-9",1053,1344
SXF,BGY,"2023-02-9",736,1345
WMI,CRL,"2023-02-9",1115,1346
BGY,FEZ,"2023-02-9",1154,1347
ATH,CHQ,"2023-02-9",1393,1348
BVA,BLQ,"2023-02-8",980,1349
BCN,AGP,"2023-02-11",581,1350
TLL,GRO,"2023-02-8",906,1351
FEZ,HHN,"2023-02-6",1279,1352
HAU,PSA,"2023-02-7",706,1353
KRK,DTM,"2023-02-10",284,1354
BCN,MAH,"2023-02-8",909,1355
TPS,AOI,"2023-02-8",1235,1356
BHX,KUN,"2023-02-6",1250,1357
EMA,CFU,"2023-02-7",812,1358
CAG,MAD,"2023-02-9",770,1359
OPO,LIL,"2023-02-11",1151,1360
BCN,VLL,"2023-02-7",630,1361
LNZ,STN,"2023-02-6",1418,1362
GDN,DUB,"2023-02-6",844,1363
GRO,LPP,"2023-02-9",384,1364
VLC,SCQ,"2023-02-7",1245,1365
BRU,FCO,"2023-02-8",1263,1366
EGC,STN,"2023-02-10",1456,1367
BVA,SVQ,"2023-02-11",320,1368
FAO,MAN,"2023-02-7",1040,1369
SKG,STN,"2023-02-7",1054,1370
AGP,TRF,"2023-02-10",296,1371
CCF,DUB,"2023-02-10",849,1372
SUF,HHN,"2023-02-9",706,1373
LPL,AGP,"2023-02-8",620,1374
CIA,FMM,"2023-02-11",1430,1375
FAO,EMA,"2023-02-11",498,1376
BGY,BVA,"2023-02-10",245,1377
CRL,LPA,"2023-02-9",433,1378
PMO,BLQ,"2023-02-8",150,1379
BRI,FKB,"2023-02-9",1256,1380
OUD,NRN,"2023-02-6",1100,1381
DUB,LTN,"2023-02-11",348,1382
WMI,BCN,"2023-02-8",1134,1383
ORK,LPL,"2023-02-10",180,1384
STN,PFO,"2023-02-7",1224,1385
BOH,PMI,"2023-02-11",405,1386
STN,SVQ,"2023-02-7",794,1387
ALC,WMI,"2023-02-9",1345,1388
CTA,FCO,"2023-02-8",1464,1389
KRK,KGS,"2023-02-9",754,1390
LPL,EGC,"2023-02-7",412,1391
IBZ,EIN,"2023-02-10",304,1392
CRL,BIQ,"2023-02-6",1224,1393
FAO,CGN,"2023-02-7",772,1394
MAD,SCQ,"2023-02-8",394,1395
RYG,KGS,"2023-02-8",635,1396
NRN,ZAD,"2023-02-11",1125,1397
BVA,TNG,"2023-02-10",667,1398
CRL,PSR,"2023-02-8",506,1399
LPL,LIG,"2023-02-9",941,1400
OUD,MRS,"2023-02-6",472,1401
BOH,PMI,"2023-02-10",232,1402
CIA,PIK,"2023-02-9",546,1403
LPA,EIN,"2023-02-11",175,1404
BUD,BCN,"2023-02-6",646,1405
STN,SZG,"2023-02-7",538,1406
HHN,NDR,"2023-02-7",1439,1407
AGP,BHX,"2023-02-6",922,1408
STN,FKB,"2023-02-7",1324,1409
STN,RBA,"2023-02-6",1230,1410
VNO,STN,"2023-02-10",875,1411
PFO,CHQ,"2023-02-11",433,1412
VLC,IBZ,"2023-02-6",572,1413
PFO,GPA,"2023-02-11",1111,1414
FMM,STN,"2023-02-6",769,1415
PSA,NYO,"2023-02-9",731,1416
PRG,DUB,"2023-02-9",413,1417
BTS,STN,"2023-02-8",1408,1418
STN,ZAZ,"2023-02-10",291,1419
VLC,BRU,"2023-02-8",707,1420
STN,VLC,"2023-02-8",809,1421
DUB,STN,"2023-02-7",555,1422
RAK,NRN,"2023-02-10",1244,1423
GRO,CRL,"2023-02-7",512,1424
XRY,BCN,"2023-02-7",311,1425
PSA,BUD,"2023-02-11",568,1426
BHX,MLA,"2023-02-9",1461,1427
CRL,MAN,"2023-02-8",486,1428
VLC,BRU,"2023-02-11",590,1429
BVA,BUD,"2023-02-10",1158,1430
CHQ,BGY,"2023-02-9",1403,1431
BCN,MAN,"2023-02-11",589,1432
BHX,REU,"2023-02-10",843,1433
PFO,CHQ,"2023-02-11",1416,1434
STN,AHO,"2023-02-8",264,1435
TFS,DUB,"2023-02-9",604,1436
ACE,BOH,"2023-02-8",1421,1437
PEG,TPS,"2023-02-6",866,1438
RYG,KUN,"2023-02-7",504,1439
IBZ,BLQ,"2023-02-7",323,1440
BRE,BZR,"2023-02-7",1443,1441
HHN,VOL,"2023-02-11",918,1442
BLQ,MAD,"2023-02-9",1427,1443
CIA,MRS,"2023-02-10",159,1444
LIS,DUB,"2023-02-10",336,1445
DLE,RAK,"2023-02-10",198,1446
BSL,DUB,"2023-02-10",1415,1447
BOH,PSA,"2023-02-6",456,1448
RAK,DLE,"2023-02-11",449,1449
GSE,MRS,"2023-02-8",898,1450
LPL,PSA,"2023-02-7",1325,1451
CRL,ACE,"2023-02-7",673,1452
BLL,BUD,"2023-02-9",343,1453
XCR,RAK,"2023-02-10",790,1454
CGN,PMI,"2023-02-8",600,1455
BRI,CRL,"2023-02-7",355,1456
BGY,WMI,"2023-02-9",306,1457
VNO,BVA,"2023-02-6",646,1458
HHN,PMI,"2023-02-6",318,1459
TRN,BDS,"2023-02-11",1100,1460
TLL,STN,"2023-02-7",1395,1461
REU,MAN,"2023-02-6",707,1462
BCN,FUE,"2023-02-7",1137,1463
CRL,WMI,"2023-02-7",930,1464
BRE,VNO,"2023-02-9",908,1465
LGW,KUN,"2023-02-7",1404,1466
FMM,CHQ,"2023-02-6",1296,1467
RYG,BGY,"2023-02-10",1241,1468
ZAD,DUB,"2023-02-6",893,1469
DUB,BUD,"2023-02-10",792,1470
REU,CRL,"2023-02-9",290,1471
AGP,TMP,"2023-02-9",1378,1472
REU,PMI,"2023-02-7",1303,1473
MRS,EIN,"2023-02-8",1486,1474
FEZ,FNI,"2023-02-6",195,1475
TPS,FMM,"2023-02-8",1437,1476
LIL,OPO,"2023-02-9",333,1477
TLL,RYG,"2023-02-8",344,1478
CAG,PSR,"2023-02-10",659,1479
OPO,XCR,"2023-02-8",595,1480
DUB,RIX,"2023-02-8",221,1481
NYO,BCN,"2023-02-9",549,1482
NDR,CRL,"2023-02-8",817,1483
BHX,BTS,"2023-02-8",590,1484
CFU,BRE,"2023-02-6",376,1485
CIA,GSE,"2023-02-11",444,1486
FUE,BOH,"2023-02-8",236,1487
BCN,TFS,"2023-02-10",867,1488
BRS,RZE,"2023-02-10",394,1489
BCN,SVQ,"2023-02-9",261,1490
BOH,PSA,"2023-02-9",1260,1491
WRO,SNN,"2023-02-11",857,1492
STN,LPA,"2023-02-7",943,1493
NRN,BZR,"2023-02-10",391,1494
BRE,ALC,"2023-02-6",762,1495
ACE,MAD,"2023-02-6",1448,1496
DUB,PRG,"2023-02-6",702,1497
LPP,BGY,"2023-02-8",274,1498
EDI,FUE,"2023-02-7",791,1499
LBA,CHQ,"2023-02-6",877,1500
